{
    "rmse": 362.04773512730776,
    "mae": 292.3431591959313,
    "r2": 0.9920864599292922
}