{
    "rmse": 395.6370774109191,
    "mae": 300.6700643301009,
    "r2": 0.9909950165233669
}